[
  {
    "data": "0532010110000",
    "out": "C:\\Users\\ASUS\\Documents\\Procasef_BETPLUS\\Application\\DashBoard\\Dashnoard\\WebQRCodeGenerator\\output\\BALA_10000_10010\\0532010110000.png",
    "options": {
      "preset": "rounded",
      "outputMode": "card",
      "communeName": "BALA",
      "topLogoPath": "c:\\Users\\ASUS\\Documents\\Procasef_BETPLUS\\Application\\Qr_code generator\\Qr_code generator\\node_qr_generator\\Img\\Banque Mondiale.jpg",
      "imagePath": "c:\\Users\\ASUS\\Documents\\Procasef_BETPLUS\\Application\\Qr_code generator\\Qr_code generator\\node_qr_generator\\Img\\BETPLUSAUDETAG.jpg",
      "cardWidth": 800,
      "cardHeight": 1100,
      "rasterize": true,
      "onlyPng": true,
      "centerImageInsideQR": true
    }
  },
  {
    "data": "0532010110001",
    "out": "C:\\Users\\ASUS\\Documents\\Procasef_BETPLUS\\Application\\DashBoard\\Dashnoard\\WebQRCodeGenerator\\output\\BALA_10000_10010\\0532010110001.png",
    "options": {
      "preset": "rounded",
      "outputMode": "card",
      "communeName": "BALA",
      "topLogoPath": "c:\\Users\\ASUS\\Documents\\Procasef_BETPLUS\\Application\\Qr_code generator\\Qr_code generator\\node_qr_generator\\Img\\Banque Mondiale.jpg",
      "imagePath": "c:\\Users\\ASUS\\Documents\\Procasef_BETPLUS\\Application\\Qr_code generator\\Qr_code generator\\node_qr_generator\\Img\\BETPLUSAUDETAG.jpg",
      "cardWidth": 800,
      "cardHeight": 1100,
      "rasterize": true,
      "onlyPng": true,
      "centerImageInsideQR": true
    }
  },
  {
    "data": "0532010110002",
    "out": "C:\\Users\\ASUS\\Documents\\Procasef_BETPLUS\\Application\\DashBoard\\Dashnoard\\WebQRCodeGenerator\\output\\BALA_10000_10010\\0532010110002.png",
    "options": {
      "preset": "rounded",
      "outputMode": "card",
      "communeName": "BALA",
      "topLogoPath": "c:\\Users\\ASUS\\Documents\\Procasef_BETPLUS\\Application\\Qr_code generator\\Qr_code generator\\node_qr_generator\\Img\\Banque Mondiale.jpg",
      "imagePath": "c:\\Users\\ASUS\\Documents\\Procasef_BETPLUS\\Application\\Qr_code generator\\Qr_code generator\\node_qr_generator\\Img\\BETPLUSAUDETAG.jpg",
      "cardWidth": 800,
      "cardHeight": 1100,
      "rasterize": true,
      "onlyPng": true,
      "centerImageInsideQR": true
    }
  },
  {
    "data": "0532010110003",
    "out": "C:\\Users\\ASUS\\Documents\\Procasef_BETPLUS\\Application\\DashBoard\\Dashnoard\\WebQRCodeGenerator\\output\\BALA_10000_10010\\0532010110003.png",
    "options": {
      "preset": "rounded",
      "outputMode": "card",
      "communeName": "BALA",
      "topLogoPath": "c:\\Users\\ASUS\\Documents\\Procasef_BETPLUS\\Application\\Qr_code generator\\Qr_code generator\\node_qr_generator\\Img\\Banque Mondiale.jpg",
      "imagePath": "c:\\Users\\ASUS\\Documents\\Procasef_BETPLUS\\Application\\Qr_code generator\\Qr_code generator\\node_qr_generator\\Img\\BETPLUSAUDETAG.jpg",
      "cardWidth": 800,
      "cardHeight": 1100,
      "rasterize": true,
      "onlyPng": true,
      "centerImageInsideQR": true
    }
  },
  {
    "data": "0532010110004",
    "out": "C:\\Users\\ASUS\\Documents\\Procasef_BETPLUS\\Application\\DashBoard\\Dashnoard\\WebQRCodeGenerator\\output\\BALA_10000_10010\\0532010110004.png",
    "options": {
      "preset": "rounded",
      "outputMode": "card",
      "communeName": "BALA",
      "topLogoPath": "c:\\Users\\ASUS\\Documents\\Procasef_BETPLUS\\Application\\Qr_code generator\\Qr_code generator\\node_qr_generator\\Img\\Banque Mondiale.jpg",
      "imagePath": "c:\\Users\\ASUS\\Documents\\Procasef_BETPLUS\\Application\\Qr_code generator\\Qr_code generator\\node_qr_generator\\Img\\BETPLUSAUDETAG.jpg",
      "cardWidth": 800,
      "cardHeight": 1100,
      "rasterize": true,
      "onlyPng": true,
      "centerImageInsideQR": true
    }
  },
  {
    "data": "0532010110005",
    "out": "C:\\Users\\ASUS\\Documents\\Procasef_BETPLUS\\Application\\DashBoard\\Dashnoard\\WebQRCodeGenerator\\output\\BALA_10000_10010\\0532010110005.png",
    "options": {
      "preset": "rounded",
      "outputMode": "card",
      "communeName": "BALA",
      "topLogoPath": "c:\\Users\\ASUS\\Documents\\Procasef_BETPLUS\\Application\\Qr_code generator\\Qr_code generator\\node_qr_generator\\Img\\Banque Mondiale.jpg",
      "imagePath": "c:\\Users\\ASUS\\Documents\\Procasef_BETPLUS\\Application\\Qr_code generator\\Qr_code generator\\node_qr_generator\\Img\\BETPLUSAUDETAG.jpg",
      "cardWidth": 800,
      "cardHeight": 1100,
      "rasterize": true,
      "onlyPng": true,
      "centerImageInsideQR": true
    }
  },
  {
    "data": "0532010110006",
    "out": "C:\\Users\\ASUS\\Documents\\Procasef_BETPLUS\\Application\\DashBoard\\Dashnoard\\WebQRCodeGenerator\\output\\BALA_10000_10010\\0532010110006.png",
    "options": {
      "preset": "rounded",
      "outputMode": "card",
      "communeName": "BALA",
      "topLogoPath": "c:\\Users\\ASUS\\Documents\\Procasef_BETPLUS\\Application\\Qr_code generator\\Qr_code generator\\node_qr_generator\\Img\\Banque Mondiale.jpg",
      "imagePath": "c:\\Users\\ASUS\\Documents\\Procasef_BETPLUS\\Application\\Qr_code generator\\Qr_code generator\\node_qr_generator\\Img\\BETPLUSAUDETAG.jpg",
      "cardWidth": 800,
      "cardHeight": 1100,
      "rasterize": true,
      "onlyPng": true,
      "centerImageInsideQR": true
    }
  },
  {
    "data": "0532010110007",
    "out": "C:\\Users\\ASUS\\Documents\\Procasef_BETPLUS\\Application\\DashBoard\\Dashnoard\\WebQRCodeGenerator\\output\\BALA_10000_10010\\0532010110007.png",
    "options": {
      "preset": "rounded",
      "outputMode": "card",
      "communeName": "BALA",
      "topLogoPath": "c:\\Users\\ASUS\\Documents\\Procasef_BETPLUS\\Application\\Qr_code generator\\Qr_code generator\\node_qr_generator\\Img\\Banque Mondiale.jpg",
      "imagePath": "c:\\Users\\ASUS\\Documents\\Procasef_BETPLUS\\Application\\Qr_code generator\\Qr_code generator\\node_qr_generator\\Img\\BETPLUSAUDETAG.jpg",
      "cardWidth": 800,
      "cardHeight": 1100,
      "rasterize": true,
      "onlyPng": true,
      "centerImageInsideQR": true
    }
  },
  {
    "data": "0532010110008",
    "out": "C:\\Users\\ASUS\\Documents\\Procasef_BETPLUS\\Application\\DashBoard\\Dashnoard\\WebQRCodeGenerator\\output\\BALA_10000_10010\\0532010110008.png",
    "options": {
      "preset": "rounded",
      "outputMode": "card",
      "communeName": "BALA",
      "topLogoPath": "c:\\Users\\ASUS\\Documents\\Procasef_BETPLUS\\Application\\Qr_code generator\\Qr_code generator\\node_qr_generator\\Img\\Banque Mondiale.jpg",
      "imagePath": "c:\\Users\\ASUS\\Documents\\Procasef_BETPLUS\\Application\\Qr_code generator\\Qr_code generator\\node_qr_generator\\Img\\BETPLUSAUDETAG.jpg",
      "cardWidth": 800,
      "cardHeight": 1100,
      "rasterize": true,
      "onlyPng": true,
      "centerImageInsideQR": true
    }
  },
  {
    "data": "0532010110009",
    "out": "C:\\Users\\ASUS\\Documents\\Procasef_BETPLUS\\Application\\DashBoard\\Dashnoard\\WebQRCodeGenerator\\output\\BALA_10000_10010\\0532010110009.png",
    "options": {
      "preset": "rounded",
      "outputMode": "card",
      "communeName": "BALA",
      "topLogoPath": "c:\\Users\\ASUS\\Documents\\Procasef_BETPLUS\\Application\\Qr_code generator\\Qr_code generator\\node_qr_generator\\Img\\Banque Mondiale.jpg",
      "imagePath": "c:\\Users\\ASUS\\Documents\\Procasef_BETPLUS\\Application\\Qr_code generator\\Qr_code generator\\node_qr_generator\\Img\\BETPLUSAUDETAG.jpg",
      "cardWidth": 800,
      "cardHeight": 1100,
      "rasterize": true,
      "onlyPng": true,
      "centerImageInsideQR": true
    }
  },
  {
    "data": "0532010110010",
    "out": "C:\\Users\\ASUS\\Documents\\Procasef_BETPLUS\\Application\\DashBoard\\Dashnoard\\WebQRCodeGenerator\\output\\BALA_10000_10010\\0532010110010.png",
    "options": {
      "preset": "rounded",
      "outputMode": "card",
      "communeName": "BALA",
      "topLogoPath": "c:\\Users\\ASUS\\Documents\\Procasef_BETPLUS\\Application\\Qr_code generator\\Qr_code generator\\node_qr_generator\\Img\\Banque Mondiale.jpg",
      "imagePath": "c:\\Users\\ASUS\\Documents\\Procasef_BETPLUS\\Application\\Qr_code generator\\Qr_code generator\\node_qr_generator\\Img\\BETPLUSAUDETAG.jpg",
      "cardWidth": 800,
      "cardHeight": 1100,
      "rasterize": true,
      "onlyPng": true,
      "centerImageInsideQR": true
    }
  }
]